from,to,org_slug,reason
/AAIB,/government/organisations/air-accidents-investigation-branch,air-accidents-investigation-branch,Organisation short url imported from router-data
/aaib,/government/organisations/air-accidents-investigation-branch,air-accidents-investigation-branch,Organisation short url imported from router-data
/ACCEA,/government/organisations/advisory-committee-on-clinical-excellence-awards,advisory-committee-on-clinical-excellence-awards,Organisation short url imported from router-data
/accea,/government/organisations/advisory-committee-on-clinical-excellence-awards,advisory-committee-on-clinical-excellence-awards,Organisation short url imported from router-data
/ACCO,/government/organisations/advisory-committee-on-conscientious-objectors,advisory-committee-on-conscientious-objectors,Organisation short url imported from router-data
/acco,/government/organisations/advisory-committee-on-conscientious-objectors,advisory-committee-on-conscientious-objectors,Organisation short url imported from router-data
/ACJP,/government/organisations/advisory-committees-on-justices-of-the-peace,advisory-committees-on-justices-of-the-peace,Organisation short url imported from router-data
/acjp,/government/organisations/advisory-committees-on-justices-of-the-peace,advisory-committees-on-justices-of-the-peace,Organisation short url imported from router-data
/ACMD,/government/organisations/advisory-council-on-the-misuse-of-drugs,advisory-council-on-the-misuse-of-drugs,Organisation short url imported from router-data
/acmd,/government/organisations/advisory-council-on-the-misuse-of-drugs,advisory-council-on-the-misuse-of-drugs,Organisation short url imported from router-data
/ACOBA,/government/organisations/advisory-committee-on-business-appointments,advisory-committee-on-business-appointments,Organisation short url imported from router-data
/acoba,/government/organisations/advisory-committee-on-business-appointments,advisory-committee-on-business-appointments,Organisation short url imported from router-data
/ACRE,/government/organisations/advisory-committee-on-releases-to-the-environment,advisory-committee-on-releases-to-the-environment,Organisation short url imported from router-data
/acre,/government/organisations/advisory-committee-on-releases-to-the-environment,advisory-committee-on-releases-to-the-environment,Organisation short url imported from router-data
/adjudicators-office,/government/organisations/the-adjudicator-s-office,the-adjudicator-s-office,Organisation short url imported from router-data
/AFPRB,/government/organisations/armed-forces-pay-review-body,armed-forces-pay-review-body,Organisation short url imported from router-data
/afprb,/government/organisations/armed-forces-pay-review-body,armed-forces-pay-review-body,Organisation short url imported from router-data
/AGMM,/government/organisations/advisory-group-on-military-medicine,advisory-group-on-military-medicine,Organisation short url imported from router-data
/agmm,/government/organisations/advisory-group-on-military-medicine,advisory-group-on-military-medicine,Organisation short url imported from router-data
/AGO,/government/organisations/attorney-generals-office,attorney-generals-office,Organisation short url imported from router-data
/ago,/government/organisations/attorney-generals-office,attorney-generals-office,Organisation short url imported from router-data
/AHVLA,/government/organisations/animal-health-and-veterinary-laboratories-agency,animal-health-and-veterinary-laboratories-agency,Organisation short url imported from router-data
/ahvla,/government/organisations/animal-health-and-veterinary-laboratories-agency,animal-health-and-veterinary-laboratories-agency,Organisation short url imported from router-data
/airports-commission,/government/organisations/airports-commission,airports-commission,Organisation short url imported from router-data
/ALT,/government/organisations/hm-courts-and-tribunals-service,hm-courts-and-tribunals-service,Organisation short url imported from router-data
/alt,/government/organisations/hm-courts-and-tribunals-service,hm-courts-and-tribunals-service,Organisation short url imported from router-data
/animals-in-science-committee,/government/organisations/animals-in-science-committee,animals-in-science-committee,Organisation short url imported from router-data
/APC,/government/organisations/animal-procedures-committee,animal-procedures-committee,Organisation short url imported from router-data
/apc,/government/organisations/animal-procedures-committee,animal-procedures-committee,Organisation short url imported from router-data
/apha,/government/organisations/animal-and-plant-health-agency,animal-and-plant-health-agency,Organisation short url imported from router-data
/behavioural-insights-team,/government/organisations/behavioural-insights-team,behavioural-insights-team,Organisation short url imported from router-data
/biometrics-commissioner,/government/organisations/biometrics-commissioner,biometrics-commissioner,Organisation short url imported from router-data
/BIS,/government/organisations/department-for-business-innovation-skills,department-for-business-innovation-skills,Organisation short url imported from router-data
/bis,/government/organisations/department-for-business-innovation-skills,department-for-business-innovation-skills,Organisation short url imported from router-data
/bonavacantia,/government/organisations/bona-vacantia,bona-vacantia,Organisation short url imported from router-data
/border-force,/government/organisations/border-force,border-force,Organisation short url imported from router-data
/BRAC,/government/organisations/building-regulations-advisory-committee,building-regulations-advisory-committee,Organisation short url imported from router-data
/brac,/government/organisations/building-regulations-advisory-committee,building-regulations-advisory-committee,Organisation short url imported from router-data
/brdo,/government/organisations/better-regulation-delivery-office,better-regulation-delivery-office,Organisation short url imported from router-data
/british-hallmarking-council,/government/organisations/british-hallmarking-council,british-hallmarking-council,Organisation short url imported from router-data
/ca-tribunal,/government/organisations/competition-appeal-tribunal,competition-appeal-tribunal,Organisation short url imported from router-data
/cabinet-office,/government/organisations/cabinet-office,cabinet-office,Organisation short url imported from router-data
/cabinetoffice,/government/organisations/cabinet-office,cabinet-office,Organisation short url imported from router-data
/CAC,/government/organisations/central-arbitration-committee,central-arbitration-committee,Organisation short url imported from router-data
/cac,/government/organisations/central-arbitration-committee,central-arbitration-committee,Organisation short url imported from router-data
/cac-pensions,/government/organisations/central-advisory-committee-on-pensions-and-compensation,central-advisory-committee-on-pensions-and-compensation,Organisation short url imported from router-data
/CCRC,/government/organisations/criminal-cases-review-commission,criminal-cases-review-commission,Organisation short url imported from router-data
/ccrc,/government/organisations/criminal-cases-review-commission,criminal-cases-review-commission,Organisation short url imported from router-data
/CEFAS,/government/organisations/centre-for-environment-fisheries-and-aquaculture-science,centre-for-environment-fisheries-and-aquaculture-science,Organisation short url imported from router-data
/cefas,/government/organisations/centre-for-environment-fisheries-and-aquaculture-science,centre-for-environment-fisheries-and-aquaculture-science,Organisation short url imported from router-data
/certification-office,/government/organisations/certification-officer,certification-officer,Organisation short url imported from router-data
/certification-officer,/government/organisations/certification-officer,certification-officer,Organisation short url imported from router-data
/CFEL,/government/organisations/capital-for-enterprise-ltd,capital-for-enterprise-ltd,Organisation short url imported from router-data
/cfel,/government/organisations/capital-for-enterprise-ltd,capital-for-enterprise-ltd,Organisation short url imported from router-data
/CFRA,/government/organisations/chief-fire-and-rescue-adviser-unit,chief-fire-and-rescue-adviser-unit,Organisation short url imported from router-data
/cfra,/government/organisations/chief-fire-and-rescue-adviser-unit,chief-fire-and-rescue-adviser-unit,Organisation short url imported from router-data
/CH,/government/organisations/companies-house,companies-house,Organisation short url imported from router-data
/ch,/government/organisations/companies-house,companies-house,Organisation short url imported from router-data
/charity-commission,/government/organisations/charity-commission,charity-commission,Organisation short url imported from router-data
/chevening-foundation,/government/organisations/chevening-foundation,chevening-foundation,Organisation short url imported from router-data
/childrens-commissioner,/government/organisations/office-of-the-children-s-commissioner,office-of-the-children-s-commissioner,Organisation short url imported from router-data
/CHRE,/government/organisations/council-for-healthcare-regulatory-excellence,council-for-healthcare-regulatory-excellence,Organisation short url imported from router-data
/chre,/government/organisations/council-for-healthcare-regulatory-excellence,council-for-healthcare-regulatory-excellence,Organisation short url imported from router-data
/CICA,/government/organisations/criminal-injuries-compensation-authority,criminal-injuries-compensation-authority,Organisation short url imported from router-data
/cica,/government/organisations/criminal-injuries-compensation-authority,criminal-injuries-compensation-authority,Organisation short url imported from router-data
/civil-procedure,/government/organisations/civil-procedure-rules-committee,civil-procedure-rules-committee,Organisation short url imported from router-data
/civil-service,/government/organisations/civil-service,civil-service,Organisation short url imported from router-data
/CMA,/government/organisations/competition-and-markets-authority,competition-and-markets-authority,Organisation short url imported from router-data
/cma,/government/organisations/competition-and-markets-authority,competition-and-markets-authority,Organisation short url imported from router-data
/CNC,/government/organisations/civil-nuclear-constabulary,civil-nuclear-constabulary,Organisation short url imported from router-data
/cnc,/government/organisations/civil-nuclear-constabulary,civil-nuclear-constabulary,Organisation short url imported from router-data
/CNPA,/government/organisations/civil-nuclear-police-authority,civil-nuclear-police-authority,Organisation short url imported from router-data
/cnpa,/government/organisations/civil-nuclear-police-authority,civil-nuclear-police-authority,Organisation short url imported from router-data
/commonwealth-scholarships,/government/organisations/commonwealth-scholarship-commission-in-the-uk,commonwealth-scholarship-commission-in-the-uk,Organisation short url imported from router-data
/communities,/government/organisations/department-for-communities-and-local-government,department-for-communities-and-local-government,Organisation short url imported from router-data
/companies-house,/government/organisations/companies-house,companies-house,Organisation short url imported from router-data
/competition-commission,/government/organisations/competition-commission,competition-commission,Organisation short url imported from router-data
/CORWM,/government/organisations/committee-on-radioactive-waste-management,committee-on-radioactive-waste-management,Organisation short url imported from router-data
/corwm,/government/organisations/committee-on-radioactive-waste-management,committee-on-radioactive-waste-management,Organisation short url imported from router-data
/criminal-procedure,/government/organisations/criminal-procedure-rule-committee,criminal-procedure-rule-committee,Organisation short url imported from router-data
/CS,/government/organisations/competition-service,competition-service,Organisation short url imported from router-data
/cs,/government/organisations/competition-service,competition-service,Organisation short url imported from router-data
/CST,/government/organisations/council-for-science-and-technology,council-for-science-and-technology,Organisation short url imported from router-data
/cst,/government/organisations/council-for-science-and-technology,council-for-science-and-technology,Organisation short url imported from router-data
/DBS,/government/organisations/disclosure-and-barring-service,disclosure-and-barring-service,Organisation short url imported from router-data
/dbs,/government/organisations/disclosure-and-barring-service,disclosure-and-barring-service,Organisation short url imported from router-data
/DCLG,/government/organisations/department-for-communities-and-local-government,department-for-communities-and-local-government,Organisation short url imported from router-data
/dclg,/government/organisations/department-for-communities-and-local-government,department-for-communities-and-local-government,Organisation short url imported from router-data
/DCMS,/government/organisations/department-for-culture-media-sport,department-for-culture-media-sport,Organisation short url imported from router-data
/dcms,/government/organisations/department-for-culture-media-sport,department-for-culture-media-sport,Organisation short url imported from router-data
/DECC,/government/organisations/department-of-energy-climate-change,department-of-energy-climate-change,Organisation short url imported from router-data
/decc,/government/organisations/department-of-energy-climate-change,department-of-energy-climate-change,Organisation short url imported from router-data
/DEFRA,/government/organisations/department-for-environment-food-rural-affairs,department-for-environment-food-rural-affairs,Organisation short url imported from router-data
/defra,/government/organisations/department-for-environment-food-rural-affairs,department-for-environment-food-rural-affairs,Organisation short url imported from router-data
/DES,/government/organisations/defence-equipment-and-support,defence-equipment-and-support,Organisation short url imported from router-data
/des,/government/organisations/defence-equipment-and-support,defence-equipment-and-support,Organisation short url imported from router-data
/DFE,/government/organisations/department-for-education,department-for-education,Organisation short url imported from router-data
/dfe,/government/organisations/department-for-education,department-for-education,Organisation short url imported from router-data
/DFID,/government/organisations/department-for-international-development,department-for-international-development,Organisation short url imported from router-data
/dfid,/government/organisations/department-for-international-development,department-for-international-development,Organisation short url imported from router-data
/DFT,/government/organisations/department-for-transport,department-for-transport,Organisation short url imported from router-data
/dft,/government/organisations/department-for-transport,department-for-transport,Organisation short url imported from router-data
/DH,/government/organisations/department-of-health,department-of-health,Organisation short url imported from router-data
/dh,/government/organisations/department-of-health,department-of-health,Organisation short url imported from router-data
/DIO,/government/organisations/defence-infrastructure-organisation,defence-infrastructure-organisation,Organisation short url imported from router-data
/dio,/government/organisations/defence-infrastructure-organisation,defence-infrastructure-organisation,Organisation short url imported from router-data
/DMO,/government/organisations/uk-debt-management-office,uk-debt-management-office,Organisation short url imported from router-data
/dmo,/government/organisations/uk-debt-management-office,uk-debt-management-office,Organisation short url imported from router-data
/DNSC,/government/organisations/defence-nuclear-safety-committee,defence-nuclear-safety-committee,Organisation short url imported from router-data
/dnsc,/government/organisations/defence-nuclear-safety-committee,defence-nuclear-safety-committee,Organisation short url imported from router-data
/DPM,/government/organisations/deputy-prime-ministers-office,deputy-prime-ministers-office,Organisation short url imported from router-data
/dpm,/government/organisations/deputy-prime-ministers-office,deputy-prime-ministers-office,Organisation short url imported from router-data
/dptac,/government/organisations/disabled-persons-transport-advisory-committee,disabled-persons-transport-advisory-committee,Organisation short url imported from router-data
/DSA,/government/organisations/driving-standards-agency,driving-standards-agency,Organisation short url imported from router-data
/dsa,/government/organisations/driving-standards-agency,driving-standards-agency,Organisation short url imported from router-data
/DSAC,/government/organisations/defence-scientific-advisory-council,defence-scientific-advisory-council,Organisation short url imported from router-data
/dsac,/government/organisations/defence-scientific-advisory-council,defence-scientific-advisory-council,Organisation short url imported from router-data
/DSTL,/government/organisations/defence-science-and-technology-laboratory,defence-science-and-technology-laboratory,Organisation short url imported from router-data
/dstl,/government/organisations/defence-science-and-technology-laboratory,defence-science-and-technology-laboratory,Organisation short url imported from router-data
/DVLA,/government/organisations/driver-and-vehicle-licensing-agency,driver-and-vehicle-licensing-agency,Organisation short url imported from router-data
/dvla,/government/organisations/driver-and-vehicle-licensing-agency,driver-and-vehicle-licensing-agency,Organisation short url imported from router-data
/DWP,/government/organisations/department-for-work-pensions,department-for-work-pensions,Organisation short url imported from router-data
/dwp,/government/organisations/department-for-work-pensions,department-for-work-pensions,Organisation short url imported from router-data
/EA,/government/organisations/environment-agency,environment-agency,Organisation short url imported from router-data
/ea,/government/organisations/environment-agency,environment-agency,Organisation short url imported from router-data
/EFA,/government/organisations/education-funding-agency,education-funding-agency,Organisation short url imported from router-data
/efa,/government/organisations/education-funding-agency,education-funding-agency,Organisation short url imported from router-data
/EGAC,/government/organisations/export-guarantees-advisory-council,export-guarantees-advisory-council,Organisation short url imported from router-data
/egac,/government/organisations/export-guarantees-advisory-council,export-guarantees-advisory-council,Organisation short url imported from router-data
/environment-agency,/government/organisations/environment-agency,environment-agency,Organisation short url imported from router-data
/equality-2025,/government/organisations/equality-2025,equality-2025,Organisation short url imported from router-data
/ERG,/government/organisations/efficiency-and-reform-group,efficiency-and-reform-group,Organisation short url imported from router-data
/erg,/government/organisations/efficiency-and-reform-group,efficiency-and-reform-group,Organisation short url imported from router-data
/family-procedure,/government/organisations/family-procedure-rule-committee,family-procedure-rule-committee,Organisation short url imported from router-data
/FCO,/government/organisations/foreign-commonwealth-office,foreign-commonwealth-office,Organisation short url imported from router-data
/fco,/government/organisations/foreign-commonwealth-office,foreign-commonwealth-office,Organisation short url imported from router-data
/fera,/government/organisations/the-food-and-environment-research-agency,the-food-and-environment-research-agency,Organisation short url imported from router-data
/FERA,/government/organisations/the-food-and-environment-research-agency,the-food-and-environment-research-agency,Organisation short url imported from router-data
/foreign-compensation-commission,/government/organisations/foreign-compensation-commission,foreign-compensation-commission,Organisation short url imported from router-data
/forensic-science-regulator,/government/organisations/forensic-science-regulator,forensic-science-regulator,Organisation short url imported from router-data
/FPAG,/government/organisations/the-fuel-poverty-advisory-group,the-fuel-poverty-advisory-group,Organisation short url imported from router-data
/fpag,/government/organisations/the-fuel-poverty-advisory-group,the-fuel-poverty-advisory-group,Organisation short url imported from router-data
/GAD,/government/organisations/government-actuarys-department,government-actuarys-department,Organisation short url imported from router-data
/gad,/government/organisations/government-actuarys-department,government-actuarys-department,Organisation short url imported from router-data
/GCA,/government/organisations/groceries-code-adjudicator,groceries-code-adjudicator,Organisation short url imported from router-data
/gca,/government/organisations/groceries-code-adjudicator,groceries-code-adjudicator,Organisation short url imported from router-data
/GEO,/government/organisations/government-equalities-office,government-equalities-office,Organisation short url imported from router-data
/geo,/government/organisations/government-equalities-office,government-equalities-office,Organisation short url imported from router-data
/GLA,/government/organisations/gangmasters-licensing-authority,gangmasters-licensing-authority,Organisation short url imported from router-data
/gla,/government/organisations/gangmasters-licensing-authority,gangmasters-licensing-authority,Organisation short url imported from router-data
/GLS,/government/organisations/civil-service-government-legal-service,civil-service-government-legal-service,Organisation short url imported from router-data
/gls,/government/organisations/civil-service-government-legal-service,civil-service-government-legal-service,Organisation short url imported from router-data
/go-science,/government/organisations/government-office-for-science,government-office-for-science,Organisation short url imported from router-data
/GPS,/government/organisations/government-procurement-service,government-procurement-service,Organisation short url imported from router-data
/gps,/government/organisations/government-procurement-service,government-procurement-service,Organisation short url imported from router-data
/HCA,/government/organisations/homes-and-communities-agency,homes-and-communities-agency,Organisation short url imported from router-data
/hca,/government/organisations/homes-and-communities-agency,homes-and-communities-agency,Organisation short url imported from router-data
/healthcareuk,/government/organisations/healthcare-uk,healthcare-uk,Organisation short url imported from router-data
/highways,/government/organisations/highways-agency,highways-agency,Organisation short url imported from router-data
/hm-courts-tribunals,/government/organisations/hm-courts-and-tribunals-service,hm-courts-and-tribunals-service,Organisation short url imported from router-data
/hm-passport-office,/government/organisations/hm-passport-office,hm-passport-office,Organisation short url imported from router-data
/hm-prison-service,/government/organisations/hm-prison-service,hm-prison-service,Organisation short url imported from router-data
/hm-treasury,/government/organisations/hm-treasury,hm-treasury,Organisation short url imported from router-data
/HMNAO,/government/organisations/hm-nautical-almanac-office,hm-nautical-almanac-office,Organisation short url imported from router-data
/hmnao,/government/organisations/hm-nautical-almanac-office,hm-nautical-almanac-office,Organisation short url imported from router-data
/HMPO,/government/organisations/hm-passport-office,hm-passport-office,Organisation short url imported from router-data
/hmpo,/government/organisations/hm-passport-office,hm-passport-office,Organisation short url imported from router-data
/HMRC,/government/organisations/hm-revenue-customs,hm-revenue-customs,Organisation short url imported from router-data
/hmrc,/government/organisations/hm-revenue-customs,hm-revenue-customs,Organisation short url imported from router-data
/home-office,/government/organisations/home-office,home-office,Organisation short url imported from router-data
/HS2,/government/organisations/high-speed-two-limited,high-speed-two-limited,Organisation short url imported from router-data
/hs2,/government/organisations/high-speed-two-limited,high-speed-two-limited,Organisation short url imported from router-data
/IAAP,/government/organisations/independent-agricultural-appeals-panel,independent-agricultural-appeals-panel,Organisation short url imported from router-data
/iaap,/government/organisations/independent-agricultural-appeals-panel,independent-agricultural-appeals-panel,Organisation short url imported from router-data
/ICE,/government/organisations/independent-case-examiner,independent-case-examiner,Organisation short url imported from router-data
/ice,/government/organisations/independent-case-examiner,independent-case-examiner,Organisation short url imported from router-data
/IDAB,/government/organisations/industrial-development-advisory-board,industrial-development-advisory-board,Organisation short url imported from router-data
/idab,/government/organisations/industrial-development-advisory-board,industrial-development-advisory-board,Organisation short url imported from router-data
/IIAC,/government/organisations/industrial-injuries-advisory-council,industrial-injuries-advisory-council,Organisation short url imported from router-data
/iiac,/government/organisations/industrial-injuries-advisory-council,industrial-injuries-advisory-council,Organisation short url imported from router-data
/ILF,/government/organisations/independent-living-fund,independent-living-fund,Organisation short url imported from router-data
/ilf,/government/organisations/independent-living-fund,independent-living-fund,Organisation short url imported from router-data
/insolvency-service,/government/organisations/insolvency-service,insolvency-service,Organisation short url imported from router-data
/ip-tribunal,/government/organisations/insolvency-practitioners-tribunal,insolvency-practitioners-tribunal,Organisation short url imported from router-data
/IPO,/government/organisations/intellectual-property-office,intellectual-property-office,Organisation short url imported from router-data
/ipo,/government/organisations/intellectual-property-office,intellectual-property-office,Organisation short url imported from router-data
/IPS,/government/organisations/hm-passport-office,hm-passport-office,Organisation short url imported from router-data
/ips,/government/organisations/hm-passport-office,hm-passport-office,Organisation short url imported from router-data
/IRC,/government/organisations/insolvency-rules-committee,insolvency-rules-committee,Organisation short url imported from router-data
/irc,/government/organisations/insolvency-rules-committee,insolvency-rules-committee,Organisation short url imported from router-data
/JACO,/government/organisations/judicial-appointments-and-conduct-ombudsman,judicial-appointments-and-conduct-ombudsman,Organisation short url imported from router-data
/jaco,/government/organisations/judicial-appointments-and-conduct-ombudsman,judicial-appointments-and-conduct-ombudsman,Organisation short url imported from router-data
/JFC,/government/organisations/joint-forces-command,joint-forces-command,Organisation short url imported from router-data
/jfc,/government/organisations/joint-forces-command,joint-forces-command,Organisation short url imported from router-data
/judicial-ombudsman,/government/organisations/judicial-appointments-and-conduct-ombudsman,judicial-appointments-and-conduct-ombudsman,Organisation short url imported from router-data
/land-registry,/government/organisations/land-registry,land-registry,Organisation short url imported from router-data
/law-commission,/government/organisations/law-commission,law-commission,Organisation short url imported from router-data
/leader-commons,/government/organisations/the-office-of-the-leader-of-the-house-of-commons,the-office-of-the-leader-of-the-house-of-commons,Organisation short url imported from router-data
/leader-lords,/government/organisations/office-of-the-leader-of-the-house-of-lords,office-of-the-leader-of-the-house-of-lords,Organisation short url imported from router-data
/LPC,/government/organisations/low-pay-commission,low-pay-commission,Organisation short url imported from router-data
/lpc,/government/organisations/low-pay-commission,low-pay-commission,Organisation short url imported from router-data
/LRRC,/government/organisations/land-registration-rule-committee,land-registration-rule-committee,Organisation short url imported from router-data
/lrrc,/government/organisations/land-registration-rule-committee,land-registration-rule-committee,Organisation short url imported from router-data
/MAC,/government/organisations/migration-advisory-committee,migration-advisory-committee,Organisation short url imported from router-data
/mac,/government/organisations/migration-advisory-committee,migration-advisory-committee,Organisation short url imported from router-data
/MAIB,/government/organisations/marine-accident-investigation-branch,marine-accident-investigation-branch,Organisation short url imported from router-data
/maib,/government/organisations/marine-accident-investigation-branch,marine-accident-investigation-branch,Organisation short url imported from router-data
/MCA,/government/organisations/maritime-and-coastguard-agency,maritime-and-coastguard-agency,Organisation short url imported from router-data
/mca,/government/organisations/maritime-and-coastguard-agency,maritime-and-coastguard-agency,Organisation short url imported from router-data
/MHRA,/government/organisations/medicines-and-healthcare-products-regulatory-agency,medicines-and-healthcare-products-regulatory-agency,Organisation short url imported from router-data
/mhra,/government/organisations/medicines-and-healthcare-products-regulatory-agency,medicines-and-healthcare-products-regulatory-agency,Organisation short url imported from router-data
/MMO,/government/organisations/marine-management-organisation,marine-management-organisation,Organisation short url imported from router-data
/mmo,/government/organisations/marine-management-organisation,marine-management-organisation,Organisation short url imported from router-data
/MOD,/government/organisations/ministry-of-defence,ministry-of-defence,Organisation short url imported from router-data
/MoD,/government/organisations/ministry-of-defence,ministry-of-defence,Organisation short url imported from router-data
/mod,/government/organisations/ministry-of-defence,ministry-of-defence,Organisation short url imported from router-data
/MOJ,/government/organisations/ministry-of-justice,ministry-of-justice,Organisation short url imported from router-data
/MoJ,/government/organisations/ministry-of-justice,ministry-of-justice,Organisation short url imported from router-data
/moj,/government/organisations/ministry-of-justice,ministry-of-justice,Organisation short url imported from router-data
/monitor,/government/organisations/monitor,monitor,Organisation short url imported from router-data
/national-dna-database-ethics-group,/government/organisations/national-dna-database-ethics-group,national-dna-database-ethics-group,Organisation short url imported from router-data
/national-fraud-authority,/government/organisations/national-fraud-authority,national-fraud-authority,Organisation short url imported from router-data
/national-measurement-office,/government/organisations/national-measurement-office,national-measurement-office,Organisation short url imported from router-data
/natural-england,/government/organisations/natural-england,natural-england,Organisation short url imported from router-data
/NCTL,/government/organisations/national-college-for-teaching-and-leadership,national-college-for-teaching-and-leadership,Organisation short url imported from router-data
/nctl,/government/organisations/national-college-for-teaching-and-leadership,national-college-for-teaching-and-leadership,Organisation short url imported from router-data
/ndnad-ethics,/government/organisations/national-dna-database-ethics-group,national-dna-database-ethics-group,Organisation short url imported from router-data
/NEAB,/government/organisations/national-employer-advisory-board,national-employer-advisory-board,Organisation short url imported from router-data
/neab,/government/organisations/national-employer-advisory-board,national-employer-advisory-board,Organisation short url imported from router-data
/NFA,/government/organisations/national-fraud-authority,national-fraud-authority,Organisation short url imported from router-data
/nfa,/government/organisations/national-fraud-authority,national-fraud-authority,Organisation short url imported from router-data
/NIO,/government/organisations/northern-ireland-office,northern-ireland-office,Organisation short url imported from router-data
/nio,/government/organisations/northern-ireland-office,northern-ireland-office,Organisation short url imported from router-data
/NLFAB,/government/organisations/nuclear-liabilities-financing-assurance-board,nuclear-liabilities-financing-assurance-board,Organisation short url imported from router-data
/nlfab,/government/organisations/nuclear-liabilities-financing-assurance-board,nuclear-liabilities-financing-assurance-board,Organisation short url imported from router-data
/NMO,/government/organisations/national-measurement-office,national-measurement-office,Organisation short url imported from router-data
/nmo,/government/organisations/national-measurement-office,national-measurement-office,Organisation short url imported from router-data
/NOMS,/government/organisations/national-offender-management-service,national-offender-management-service,Organisation short url imported from router-data
/noms,/government/organisations/national-offender-management-service,national-offender-management-service,Organisation short url imported from router-data
/NRAC,/government/organisations/nuclear-research-advisory-council,nuclear-research-advisory-council,Organisation short url imported from router-data
/nrac,/government/organisations/nuclear-research-advisory-council,nuclear-research-advisory-council,Organisation short url imported from router-data
/nsandi,/government/organisations/national-security,national-security,Organisation short url imported from router-data
/number10,/government/organisations/prime-ministers-office-10-downing-street,prime-ministers-office-10-downing-street,Organisation short url imported from router-data
/OAG,/government/organisations/office-of-the-advocate-general-for-scotland,office-of-the-advocate-general-for-scotland,Organisation short url imported from router-data
/oag,/government/organisations/office-of-the-advocate-general-for-scotland,office-of-the-advocate-general-for-scotland,Organisation short url imported from router-data
/ODA,/government/organisations/olympic-delivery-authority,olympic-delivery-authority,Organisation short url imported from router-data
/oda,/government/organisations/olympic-delivery-authority,olympic-delivery-authority,Organisation short url imported from router-data
/ODI,/government/organisations/office-for-disability-issues,office-for-disability-issues,Organisation short url imported from router-data
/odi,/government/organisations/office-for-disability-issues,office-for-disability-issues,Organisation short url imported from router-data
/office-for-life-sciences,/government/organisations/office-for-life-sciences,office-for-life-sciences,Organisation short url imported from router-data
/OFQUAL,/government/organisations/ofqual,ofqual,Organisation short url imported from router-data
/ofqual,/government/organisations/ofqual,ofqual,Organisation short url imported from router-data
/OFSTED,/government/organisations/ofsted,ofsted,Organisation short url imported from router-data
/ofsted,/government/organisations/ofsted,ofsted,Organisation short url imported from router-data
/OFT,/government/organisations/office-of-fair-trading,office-of-fair-trading,Organisation short url imported from router-data
/oft,/government/organisations/office-of-fair-trading,office-of-fair-trading,Organisation short url imported from router-data
/OFWAT,/government/organisations/the-water-services-regulation-authority,the-water-services-regulation-authority,Organisation short url imported from router-data
/ofwat,/government/organisations/the-water-services-regulation-authority,the-water-services-regulation-authority,Organisation short url imported from router-data
/OISC,/government/organisations/office-of-the-immigration-services-commissioner,office-of-the-immigration-services-commissioner,Organisation short url imported from router-data
/oisc,/government/organisations/office-of-the-immigration-services-commissioner,office-of-the-immigration-services-commissioner,Organisation short url imported from router-data
/OLD,/government/organisations/olympic-lottery-distributor,olympic-lottery-distributor,Organisation short url imported from router-data
/old,/government/organisations/olympic-lottery-distributor,olympic-lottery-distributor,Organisation short url imported from router-data
/OLEV,/government/organisations/office-for-low-emission-vehicles,office-for-low-emission-vehicles,Organisation short url imported from router-data
/olev,/government/organisations/office-for-low-emission-vehicles,office-for-low-emission-vehicles,Organisation short url imported from router-data
/OLS,/government/organisations/office-for-life-sciences,office-for-life-sciences,Organisation short url imported from router-data
/ols,/government/organisations/office-for-life-sciences,office-for-life-sciences,Organisation short url imported from router-data
/OME,/government/organisations/office-of-manpower-economics,office-of-manpower-economics,Organisation short url imported from router-data
/ome,/government/organisations/office-of-manpower-economics,office-of-manpower-economics,Organisation short url imported from router-data
/OPA,/government/organisations/oil-and-pipelines-agency,oil-and-pipelines-agency,Organisation short url imported from router-data
/opa,/government/organisations/oil-and-pipelines-agency,oil-and-pipelines-agency,Organisation short url imported from router-data
/OPC,/government/organisations/office-of-the-parliamentary-counsel,office-of-the-parliamentary-counsel,Organisation short url imported from router-data
/opc,/government/organisations/office-of-the-parliamentary-counsel,office-of-the-parliamentary-counsel,Organisation short url imported from router-data
/OPG,/government/organisations/office-of-the-public-guardian,office-of-the-public-guardian,Organisation short url imported from router-data
/opg,/government/organisations/office-of-the-public-guardian,office-of-the-public-guardian,Organisation short url imported from router-data
/OSPT,/government/organisations/official-solicitor-and-public-trustee,official-solicitor-and-public-trustee,Organisation short url imported from router-data
/ospt,/government/organisations/official-solicitor-and-public-trustee,official-solicitor-and-public-trustee,Organisation short url imported from router-data
/OTS,/government/organisations/office-of-tax-simplification,office-of-tax-simplification,Organisation short url imported from router-data
/ots,/government/organisations/office-of-tax-simplification,office-of-tax-simplification,Organisation short url imported from router-data
/PABEW,/government/organisations/police-advisory-board-for-england-and-wales,police-advisory-board-for-england-and-wales,Organisation short url imported from router-data
/pabew,/government/organisations/police-advisory-board-for-england-and-wales,police-advisory-board-for-england-and-wales,Organisation short url imported from router-data
/parole-board,/government/organisations/parole-board,parole-board,Organisation short url imported from router-data
/PHE,/government/organisations/public-health-england,public-health-england,Organisation short url imported from router-data
/phe,/government/organisations/public-health-england,public-health-england,Organisation short url imported from router-data
/PINS,/government/organisations/planning-inspectorate,planning-inspectorate,Organisation short url imported from router-data
/pins,/government/organisations/planning-inspectorate,planning-inspectorate,Organisation short url imported from router-data
/planning-inspectorate,/government/organisations/planning-inspectorate,planning-inspectorate,Organisation short url imported from router-data
/police-appeals,/government/organisations/police-discipline-appeals-tribunal,police-discipline-appeals-tribunal,Organisation short url imported from router-data
/police-arbitration,/government/organisations/police-arbitration-tribunal,police-arbitration-tribunal,Organisation short url imported from router-data
/PSRB,/government/organisations/prison-services-pay-review-body,prison-services-pay-review-body,Organisation short url imported from router-data
/psrb,/government/organisations/prison-services-pay-review-body,prison-services-pay-review-body,Organisation short url imported from router-data
/public-standards,/government/organisations/the-committee-on-standards-in-public-life,the-committee-on-standards-in-public-life,Organisation short url imported from router-data
/PVST,/government/organisations/plant-varieties-and-seeds-tribunal,plant-varieties-and-seeds-tribunal,Organisation short url imported from router-data
/pvst,/government/organisations/plant-varieties-and-seeds-tribunal,plant-varieties-and-seeds-tribunal,Organisation short url imported from router-data
/PWLB,/government/organisations/uk-debt-management-office,uk-debt-management-office,Organisation short url imported from router-data
/pwlb,/government/organisations/uk-debt-management-office,uk-debt-management-office,Organisation short url imported from router-data
/RAIB,/government/organisations/rail-accident-investigation-branch,rail-accident-investigation-branch,Organisation short url imported from router-data
/raib,/government/organisations/rail-accident-investigation-branch,rail-accident-investigation-branch,Organisation short url imported from router-data
/RBGC,/government/organisations/review-board-for-government-contracts,review-board-for-government-contracts,Organisation short url imported from router-data
/rbgc,/government/organisations/review-board-for-government-contracts,review-board-for-government-contracts,Organisation short url imported from router-data
/RMAC,/government/organisations/royal-mint-advisory-committee,royal-mint-advisory-committee,Organisation short url imported from router-data
/rmac,/government/organisations/royal-mint-advisory-committee,royal-mint-advisory-committee,Organisation short url imported from router-data
/royal-mint,/government/organisations/royal-mint,royal-mint,Organisation short url imported from router-data
/RPA,/government/organisations/rural-payments-agency,rural-payments-agency,Organisation short url imported from router-data
/rpa,/government/organisations/rural-payments-agency,rural-payments-agency,Organisation short url imported from router-data
/SAC,/government/organisations/science-advisory-council,science-advisory-council,Organisation short url imported from router-data
/sac,/government/organisations/science-advisory-council,science-advisory-council,Organisation short url imported from router-data
/SASCMILL,/government/organisations/science-advisory-committee-on-the-medical-implications-of-less-lethal-weapons,science-advisory-committee-on-the-medical-implications-of-less-lethal-weapons,Organisation short url imported from router-data
/sascmill,/government/organisations/science-advisory-committee-on-the-medical-implications-of-less-lethal-weapons,science-advisory-committee-on-the-medical-implications-of-less-lethal-weapons,Organisation short url imported from router-data
/SCE,/government/organisations/service-children-s-education,service-children-s-education,Organisation short url imported from router-data
/sce,/government/organisations/service-children-s-education,service-children-s-education,Organisation short url imported from router-data
/scotland-office,/government/organisations/scotland-office,scotland-office,Organisation short url imported from router-data
/SFA,/government/organisations/skills-funding-agency,skills-funding-agency,Organisation short url imported from router-data
/sfa,/government/organisations/skills-funding-agency,skills-funding-agency,Organisation short url imported from router-data
/SMCPC,/government/organisations/social-mobility-and-child-poverty-commission,social-mobility-and-child-poverty-commission,Organisation short url imported from router-data
/smcpc,/government/organisations/social-mobility-and-child-poverty-commission,social-mobility-and-child-poverty-commission,Organisation short url imported from router-data
/SPVA,/government/organisations/service-personnel-and-veterans-agency,service-personnel-and-veterans-agency,Organisation short url imported from router-data
/spva,/government/organisations/service-personnel-and-veterans-agency,service-personnel-and-veterans-agency,Organisation short url imported from router-data
/SSAC,/government/organisations/social-security-advisory-committee,social-security-advisory-committee,Organisation short url imported from router-data
/ssac,/government/organisations/social-security-advisory-committee,social-security-advisory-committee,Organisation short url imported from router-data
/SSRB,/government/organisations/review-body-on-senior-salaries,review-body-on-senior-salaries,Organisation short url imported from router-data
/ssrb,/government/organisations/review-body-on-senior-salaries,review-body-on-senior-salaries,Organisation short url imported from router-data
/STA,/government/organisations/standards-and-testing-agency,standards-and-testing-agency,Organisation short url imported from router-data
/sta,/government/organisations/standards-and-testing-agency,standards-and-testing-agency,Organisation short url imported from router-data
/STRB,/government/organisations/school-teachers-review-body,school-teachers-review-body,Organisation short url imported from router-data
/strb,/government/organisations/school-teachers-review-body,school-teachers-review-body,Organisation short url imported from router-data
/surveillance-camera-commissioner,/government/organisations/surveillance-camera-commissioner,surveillance-camera-commissioner,Organisation short url imported from router-data
/SVAP,/government/organisations/security-vetting-appeals-panel,security-vetting-appeals-panel,Organisation short url imported from router-data
/svap,/government/organisations/security-vetting-appeals-panel,security-vetting-appeals-panel,Organisation short url imported from router-data
/TAB,/government/organisations/technical-advisory-board,technical-advisory-board,Organisation short url imported from router-data
/tab,/government/organisations/technical-advisory-board,technical-advisory-board,Organisation short url imported from router-data
/teaching-agency,/government/organisations/national-college-for-teaching-and-leadership,national-college-for-teaching-and-leadership,Organisation short url imported from router-data
/TPC,/government/organisations/tribunal-procedure-committee,tribunal-procedure-committee,Organisation short url imported from router-data
/tpc,/government/organisations/tribunal-procedure-committee,tribunal-procedure-committee,Organisation short url imported from router-data
/traffic-commissioners,/government/organisations/traffic-commissioners,traffic-commissioners,Organisation short url imported from router-data
/treasure-valuation,/government/organisations/treasure-valuation-committee,treasure-valuation-committee,Organisation short url imported from router-data
/treasury,/government/organisations/hm-treasury,hm-treasury,Organisation short url imported from router-data
/trust-ports,/government/organisations/trust-ports,trust-ports,Organisation short url imported from router-data
/TSB,/government/organisations/technology-strategy-board,technology-strategy-board,Organisation short url imported from router-data
/tsb,/government/organisations/technology-strategy-board,technology-strategy-board,Organisation short url imported from router-data
/TSOL,/government/organisations/treasury-solicitor-s-department,treasury-solicitor-s-department,Organisation short url imported from router-data
/tsol,/government/organisations/treasury-solicitor-s-department,treasury-solicitor-s-department,Organisation short url imported from router-data
/uk-export-finance,/government/organisations/uk-export-finance,uk-export-finance,Organisation short url imported from router-data
/uk-space,/government/organisations/uk-space-agency,uk-space-agency,Organisation short url imported from router-data
/uk-visas-immigration,/government/organisations/uk-visas-and-immigration,uk-visas-and-immigration,Organisation short url imported from router-data
/UKAEA,/government/organisations/uk-atomic-energy-authority,uk-atomic-energy-authority,Organisation short url imported from router-data
/ukaea,/government/organisations/uk-atomic-energy-authority,uk-atomic-energy-authority,Organisation short url imported from router-data
/UKBA,/government/organisations/uk-border-agency,uk-border-agency,Organisation short url imported from router-data
/ukba,/government/organisations/uk-border-agency,uk-border-agency,Organisation short url imported from router-data
/UKCES,/government/organisations/uk-commission-for-employment-and-skills,uk-commission-for-employment-and-skills,Organisation short url imported from router-data
/ukces,/government/organisations/uk-commission-for-employment-and-skills,uk-commission-for-employment-and-skills,Organisation short url imported from router-data
/UKFI,/government/organisations/uk-financial-investments-limited,uk-financial-investments-limited,Organisation short url imported from router-data
/ukfi,/government/organisations/uk-financial-investments-limited,uk-financial-investments-limited,Organisation short url imported from router-data
/UKHO,/government/organisations/uk-hydrographic-office,uk-hydrographic-office,Organisation short url imported from router-data
/ukho,/government/organisations/uk-hydrographic-office,uk-hydrographic-office,Organisation short url imported from router-data
/UKSA,/government/organisations/uk-space-agency,uk-space-agency,Organisation short url imported from router-data
/uksa,/government/organisations/uk-space-agency,uk-space-agency,Organisation short url imported from router-data
/ukspaceagency,/government/organisations/uk-space-agency,uk-space-agency,Organisation short url imported from router-data
/UKTI,/government/organisations/uk-trade-investment,uk-trade-investment,Organisation short url imported from router-data
/ukti,/government/organisations/uk-trade-investment,uk-trade-investment,Organisation short url imported from router-data
/UKTI-DSO,/government/organisations/uk-trade-and-investment-defence-and-security-organisation,uk-trade-and-investment-defence-and-security-organisation,Organisation short url imported from router-data
/ukti-dso,/government/organisations/uk-trade-and-investment-defence-and-security-organisation,uk-trade-and-investment-defence-and-security-organisation,Organisation short url imported from router-data
/ukvi,/government/organisations/uk-visas-and-immigration,uk-visas-and-immigration,Organisation short url imported from router-data
/VAPC,/government/organisations/veterans-advisory-and-pensions-committees-x13,veterans-advisory-and-pensions-committees-x13,Organisation short url imported from router-data
/vapc,/government/organisations/veterans-advisory-and-pensions-committees-x13,veterans-advisory-and-pensions-committees-x13,Organisation short url imported from router-data
/VCA,/government/organisations/vehicle-certification-agency,vehicle-certification-agency,Organisation short url imported from router-data
/vca,/government/organisations/vehicle-certification-agency,vehicle-certification-agency,Organisation short url imported from router-data
/victims-commissioner,/government/organisations/victims-commissioner,victims-commissioner,Organisation short url imported from router-data
/VMD,/government/organisations/veterinary-medicines-directorate,veterinary-medicines-directorate,Organisation short url imported from router-data
/vmd,/government/organisations/veterinary-medicines-directorate,veterinary-medicines-directorate,Organisation short url imported from router-data
/VOA,/government/organisations/valuation-office-agency,valuation-office-agency,Organisation short url imported from router-data
/voa,/government/organisations/valuation-office-agency,valuation-office-agency,Organisation short url imported from router-data
/VOSA,/government/organisations/vehicle-and-operator-services-agency,vehicle-and-operator-services-agency,Organisation short url imported from router-data
/vosa,/government/organisations/vehicle-and-operator-services-agency,vehicle-and-operator-services-agency,Organisation short url imported from router-data
/VPC,/government/organisations/veterinary-products-committee,veterinary-products-committee,Organisation short url imported from router-data
/vpc,/government/organisations/veterinary-products-committee,veterinary-products-committee,Organisation short url imported from router-data
/wales-office,/government/organisations/wales-office,wales-office,Organisation short url imported from router-data
/YJB,/government/organisations/youth-justice-board-for-england-and-wales,youth-justice-board-for-england-and-wales,Organisation short url imported from router-data
/yjb,/government/organisations/youth-justice-board-for-england-and-wales,youth-justice-board-for-england-and-wales,Organisation short url imported from router-data
/bis/financeguide,/government/publications/sme-access-to-finance-schemes-measures-to-support-small-and-medium-sized-enterprise-growth,department-for-business-innovation-skills,Organisation short url imported from router-data
/bis/industrial-strategy,/government/policies/using-industrial-strategy-to-help-the-uk-economy-and-business-compete-and-grow,department-for-business-innovation-skills,Organisation short url imported from router-data
/bis/smallbusinesscommitment,/government/publications/small-business-commitment,department-for-business-innovation-skills,Organisation short url imported from router-data
/cefas/fhi,/government/groups/fish-health-inspectorate,centre-for-environment-fisheries-and-aquaculture-science,Organisation short url imported from router-data
/cesg/browser-guidance,/government/collections/browser-security-guidance,cesg,Organisation short url imported from router-data
/cesg/byod-guidance,/government/collections/bring-your-own-device-guidance,cesg,Organisation short url imported from router-data
/cesg/device-guidance,/government/collections/end-user-devices-security-guidance,cesg,Organisation short url imported from router-data
/dclg/housing-standards-review,/government/policies/providing-effective-building-regulations-so-that-new-and-altered-buildings-are-safe-accessible-and-efficient/supporting-pages/technical-housing-standards-review,department-for-communities-and-local-government,Organisation short url imported from router-data
/dclg/staff-update,/government/organisations/department-for-communities-and-local-government/about/staff-update,department-for-communities-and-local-government,Organisation short url imported from router-data
/decc/green-deal-quick-guides,/government/collections/green-deal-quick-guides,department-of-energy-climate-change,Organisation short url imported from router-data
/defra/mscc,/government/groups/marine-science-co-ordination-committee,department-for-environment-food-rural-affairs,Organisation short url imported from router-data
/dfe/academies,/government/collections/academy-conversion-process,department-for-education,Organisation short url imported from router-data
/dfe/europeanschools,/government/publications/european-schools-recruitment,department-for-education,Organisation short url imported from router-data
/dfe/governors-handbook,/government/publications/governors-handbook--3,department-for-education,Organisation short url imported from router-data
/dfe/nationalcurriculum,/government/collections/national-curriculum,department-for-education,Organisation short url imported from router-data
/dfe/schoolfood,/government/publications/school-food,department-for-education,Organisation short url imported from router-data
/dfid/graduate,/government/organisations/department-for-international-development/about/recruitment,department-for-international-development,Organisation short url imported from router-data
/dft/hs2,/government/policies/developing-a-new-high-speed-rail-network,department-for-transport,Organisation short url imported from router-data
/dft/staff-update,/government/organisations/department-for-transport/about/staff-update,department-for-transport,Organisation short url imported from router-data
/dft/twa,/government/collections/twa-inspector-reports-and-decision-letters,department-for-transport,Organisation short url imported from router-data
/dio/sfa,/defence-infrastructure-organisation-service-family-accommodation,defence-infrastructure-organisation,Organisation short url imported from router-data
/dsa/staff-update,/government/organisations/driving-standards-agency/about/staff-update,driving-standards-agency,Organisation short url imported from router-data
/dstl/cde,/government/organisations/centre-for-defence-enterprise,defence-science-and-technology-laboratory,Organisation short url imported from router-data
/dstl/nexus,/government/organisations/defence-science-and-technology-laboratory/about/staff-update,defence-science-and-technology-laboratory,Organisation short url imported from router-data
/dvla/nomoretaxdisc,/government/news/vehicle-tax-changes,driver-and-vehicle-licensing-agency,Organisation short url imported from router-data
/dvla/rldc,/the-richard-ley-development-centre,driver-and-vehicle-licensing-agency,Organisation short url imported from router-data
/dvla/vehicletaxchanges,/government/news/vehicle-tax-changes,driver-and-vehicle-licensing-agency,Organisation short url imported from router-data
/dvsa/atf,/government/collections/authorised-testing-facilities-atfs-guidance-forms-and-updates,driver-and-vehicle-standards-agency,Organisation short url imported from router-data
/dvsa/driving-standards,/government/collections/national-driving-and-riding-standards,driver-and-vehicle-standards-agency,Organisation short url imported from router-data
/dwp/agepositive,/government/collections/age-positive,department-for-work-pensions,Organisation short url imported from router-data
/dwp/cps5,/government/publications/your-state-pension-estimate-explained-cps5,department-for-work-pensions,Organisation short url imported from router-data
/dwp/cps5t,/government/publications/your-state-pension-estimate-explained-cps5t,department-for-work-pensions,Organisation short url imported from router-data
/dwp/disabilityconfident,/government/publications/employing-disabled-people-and-people-with-health-conditions/employing-disabled-people-and-people-with-health-conditions,department-for-work-pensions,Organisation short url imported from router-data
/dwp/dwp040,/government/publications/your-state-pension-statement-explained-dwp040,department-for-work-pensions,Organisation short url imported from router-data
/dwp/emergency,/government/organisations/department-for-work-pensions/about/staff-update,department-for-work-pensions,Organisation short url imported from router-data
/dwp/esf-2007-2013,/government/collections/european-social-fund-2007-to-2013,department-for-work-pensions,Organisation short url imported from router-data
/dwp/personal-information-charter,/government/organisations/department-for-work-pensions/about/personal-information-charter,department-for-work-pensions,Organisation short url imported from router-data
/dwp/pip-toolkit,/government/publications/the-personal-independence-payment-toolkit-for-partners/the-personal-independence-payment-pip-toolkit-for-partners,department-for-work-pensions,Organisation short url imported from router-data
/dwp/single-tier-pension,/government/policies/making-the-state-pension-simpler-and-fairer,department-for-work-pensions,Organisation short url imported from router-data
/ea/acumen,/government/groups/acumen-assessing-capturing-and-utilising-methane-from-expired-and-non-operational-landfills,environment-agency,Organisation short url imported from router-data
/ea/clean-power-proposal,/government/publications/clean-power-uk-ltd-proposed-energy-recovery-facility-on-moor-street-brierley-hill-west-midlands/clean-power-uk-ltd-proposed-energy-recovery-facility-on-moor-street-brierley-hill-west-midlands,environment-agency,Organisation short url imported from router-data
/ea/clear-info,/government/groups/clear-info-company-level-environmental-accountability-reporting-and-information,environment-agency,Organisation short url imported from router-data
/ea/equal,/government/groups/equal-ensuring-quality-of-waste-derived-products-to-achieve-resource-efficiency,environment-agency,Organisation short url imported from router-data
/fco/arab-partnership,/government/policies/working-for-peace-and-long-term-stability-in-the-middle-east-and-north-africa/supporting-pages/the-arab-partnership,foreign-commonwealth-office,Organisation short url imported from router-data
/fco/otjmc,/government/topical-events/overseas-territories-joint-ministerial-council,foreign-commonwealth-office,Organisation short url imported from router-data
/fco/tell-fco,/government/organisations/foreign-commonwealth-office/about/research,foreign-commonwealth-office,Organisation short url imported from router-data
/geo/body-confidence,/government/policies/creating-a-fairer-and-more-equal-society/supporting-pages/body-confidence-campaign,government-equalities-office,Organisation short url imported from router-data
/geo/lgbt,/government/policies/creating-a-fairer-and-more-equal-society/supporting-pages/promoting-and-protecting-the-rights-of-lesbian-gay-bisexual-and-transgender-people,government-equalities-office,Organisation short url imported from router-data
/geo/thinkactreport,/think-act-report,government-equalities-office,Organisation short url imported from router-data
/hm-treasury/new-isa,/government/publications/the-new-isa-factsheet,hm-treasury,Organisation short url imported from router-data
/treasury/advice-pensions,/pensionwise?utm_source=e&utm_medium=letter&utm_campaign=dwp-pw,hm-treasury,Organisation short url imported from router-data
/treasury/guidance-pensions,/pensionwise?utm_source=c&utm_medium=letter&utm_campaign=dwp-pw,hm-treasury,Organisation short url imported from router-data
/treasury/guidance-service-pensions,/pensionwise?utm_source=b&utm_medium=letter&utm_campaign=dwp-pw,hm-treasury,Organisation short url imported from router-data
/treasury/options-pension,/pensionwise?utm_source=p&utm_medium=letter&utm_campaign=dwp-pw,hm-treasury,Organisation short url imported from router-data
/treasury/pensions-advice-scheme,/pensionwise?utm_source=h&utm_medium=letter&utm_campaign=dwp-pw,hm-treasury,Organisation short url imported from router-data
/treasury/pensions-advice-service,/pensionwise?utm_source=a&utm_medium=letter&utm_campaign=dwp-pw,hm-treasury,Organisation short url imported from router-data
/treasury/pensions-guidance-scheme,/pensionwise?utm_source=i&utm_medium=letter&utm_campaign=dwp-pw,hm-treasury,Organisation short url imported from router-data
/treasury/pensions-guidance-service,/pensionwise?utm_source=o&utm_medium=letter&utm_campaign=dwp-pw,hm-treasury,Organisation short url imported from router-data
/treasury/pensions-planning,/pensionwise?utm_source=g&utm_medium=letter&utm_campaign=dwp-pw,hm-treasury,Organisation short url imported from router-data
/treasury/pensions-planning-advice,/pensionwise?utm_source=k&utm_medium=letter&utm_campaign=dwp-pw,hm-treasury,Organisation short url imported from router-data
/treasury/pensions-planning-service,/pensionwise?utm_source=l&utm_medium=letter&utm_campaign=dwp-pw,hm-treasury,Organisation short url imported from router-data
/treasury/pensions-support-guidance,/pensionwise?utm_source=n&utm_medium=letter&utm_campaign=dwp-pw,hm-treasury,Organisation short url imported from router-data
/treasury/retirement-guidance-service,/pensionwise?utm_source=f&utm_medium=letter&utm_campaign=dwp-pw,hm-treasury,Organisation short url imported from router-data
/treasury/retirement-planning-advice,/pensionwise?utm_source=m&utm_medium=letter&utm_campaign=dwp-pw,hm-treasury,Organisation short url imported from router-data
/treasury/retirement-planning-guidance,/pensionwise?utm_source=j&utm_medium=letter&utm_campaign=dwp-pw,hm-treasury,Organisation short url imported from router-data
/treasury/retirement-planning-support,/pensionwise?utm_source=d&utm_medium=letter&utm_campaign=dwp-pw,hm-treasury,Organisation short url imported from router-data
/hmrc/contact,/government/organisations/hm-revenue-customs/contact,hm-revenue-customs,Organisation short url imported from router-data
/hmrc/estateagency,/government/publications/april-2014-supervision-of-estate-agency-businesses-by-hmrc,hm-revenue-customs,Organisation short url imported from router-data
/hmrc/glasgow2014,/government/collections/glasgow-2014-tax-exemption-for-non-resident-competitors,hm-revenue-customs,Organisation short url imported from router-data
/hmrc/graduates,/tax-professional-development-programme,hm-revenue-customs,Organisation short url imported from router-data
/hmrc/individualprotection2014,/government/publications/pensions-individual-protection-2014,hm-revenue-customs,Organisation short url imported from router-data
/hmrc/information-charter,/government/organisations/hm-revenue-customs/about/personal-information-charter,hm-revenue-customs,Organisation short url imported from router-data
/hmrc/your-charter,/government/publications/your-charter,hm-revenue-customs,Organisation short url imported from router-data
/home-office/staff-update,/government/organisations/home-office/about/staff-update,home-office,Organisation short url imported from router-data
/landregistry/locallandcharges,/government/publications/local-land-charges,land-registry,Organisation short url imported from router-data
/mod/dcbrnc,/government/publications/defence-chemical-biological-radiological-and-nuclear-centre-dcbrnc,ministry-of-defence,Organisation short url imported from router-data
/mod/dcdc,/government/groups/development-concepts-and-doctrine-centre,ministry-of-defence,Organisation short url imported from router-data
/mod/dday70,/government/topical-events/d-day-70,ministry-of-defence,Organisation short url imported from router-data
/mod/defence-relationship-management,/government/groups/defence-relationship-management,ministry-of-defence,Organisation short url imported from router-data
/mod/des-advance-apprenticeship,/government/collections/des-engineering-management-advanced-apprenticeship-scheme,ministry-of-defence,Organisation short url imported from router-data
/mod/desg,/defence-engineering-and-science-group,ministry-of-defence,Organisation short url imported from router-data
/mod/employer-recognition,/government/groups/defence-relationship-management,ministry-of-defence,Organisation short url imported from router-data
/mod/ihat,/government/groups/iraq-historic-allegations-team-ihat,ministry-of-defence,Organisation short url imported from router-data
/mod/staff-update,/government/organisations/ministry-of-defence/about/staff-update,ministry-of-defence,Organisation short url imported from router-data
/moj/cmr,/government/groups/claims-management-regulator,ministry-of-justice,Organisation short url imported from router-data
/monitor/accountsprocess,/government/publications/nhs-foundation-trusts-financial-accounting-guidance/financial-accounting-guidance-updates,monitor,Organisation short url imported from router-data
/nctl/teachermisconduct,/government/collections/teacher-misconduct,national-college-for-teaching-and-leadership,Organisation short url imported from router-data
/nmo/batteries,/batteries,national-measurement-office,Organisation short url imported from router-data
/nmo/ecodesign,/placing-energy-related-products-on-the-uk-market,national-measurement-office,Organisation short url imported from router-data
/nmo/energy-labelling,/the-energy-labelling-of-products,national-measurement-office,Organisation short url imported from router-data
/nmo/enforcement,/government/collections/national-measurement-office-enforcement-authority,national-measurement-office,Organisation short url imported from router-data
/nmo/eutr,/eu-timber-regulation-guidance-for-business-and-industry,national-measurement-office,Organisation short url imported from router-data
/nmo/rohs,/rohs-compliance-and-guidance,national-measurement-office,Organisation short url imported from router-data
/nmo/tyres,/eu-tyre-labeling-regulation-guidance-for-business-and-industry,national-measurement-office,Organisation short url imported from router-data
/number10/floods2014,/government/news/uk-floods-2014-government-response,prime-ministers-office-10-downing-street,Organisation short url imported from router-data
/opg/deputy-forms-guidance,/government/collections/court-appointed-deputies-forms-and-guidance,office-of-the-public-guardian,Organisation short url imported from router-data
/opg/mca-code,/government/publications/mental-capacity-act-code-of-practice,office-of-the-public-guardian,Organisation short url imported from router-data
/opg/power-of-attorney-forms,/government/collections/lasting-power-of-attorney-forms,office-of-the-public-guardian,Organisation short url imported from router-data
/ukti/argentina,/government/world/organisations/uk-trade-investment-argentina,uk-trade-investment,Organisation short url imported from router-data
/ukti/australia,/government/world/organisations/uk-trade-investment-australia,uk-trade-investment,Organisation short url imported from router-data
/ukti/belgium,/government/world/organisations/uk-trade-investment-belgium,uk-trade-investment,Organisation short url imported from router-data
/ukti/brazil,/government/world/organisations/uk-trade-investment-brazil,uk-trade-investment,Organisation short url imported from router-data
/ukti/canada,/government/world/organisations/uk-trade-investment-canada,uk-trade-investment,Organisation short url imported from router-data
/ukti/china,/government/world/organisations/uk-trade-investment-china,uk-trade-investment,Organisation short url imported from router-data
/ukti/france,/government/world/organisations/uk-trade-investment-france,uk-trade-investment,Organisation short url imported from router-data
/ukti/germany,/government/world/organisations/uk-trade-investment-germany,uk-trade-investment,Organisation short url imported from router-data
/ukti/hongkong,/government/world/organisations/uk-trade-investment-hong-kong,uk-trade-investment,Organisation short url imported from router-data
/ukti/hungary,/government/world/organisations/uk-trade-investment-hungary,uk-trade-investment,Organisation short url imported from router-data
/ukti/india,/government/world/organisations/uk-trade-investment-india,uk-trade-investment,Organisation short url imported from router-data
/ukti/indonesia,/government/world/organisations/uk-trade-investment-indonesia,uk-trade-investment,Organisation short url imported from router-data
/ukti/japan,/government/world/organisations/uk-trade-investment-japan,uk-trade-investment,Organisation short url imported from router-data
/ukti/kuwait,/government/world/organisations/uk-trade-investment-kuwait,uk-trade-investment,Organisation short url imported from router-data
/ukti/lso,/government/organisations/ukti-life-sciences-organisation,uk-trade-investment,Organisation short url imported from router-data
/ukti/malaysia,/government/world/organisations/uk-trade-investment-malaysia,uk-trade-investment,Organisation short url imported from router-data
/ukti/mexico,/government/world/organisations/uk-trade-investment-mexico,uk-trade-investment,Organisation short url imported from router-data
/ukti/nigeria,/government/world/organisations/uk-trade-investment-nigeria,uk-trade-investment,Organisation short url imported from router-data
/ukti/poland,/government/world/organisations/uk-trade-investment-poland,uk-trade-investment,Organisation short url imported from router-data
/ukti/qatar,/government/world/organisations/uk-trade-investment-qatar,uk-trade-investment,Organisation short url imported from router-data
/ukti/russia,/government/world/organisations/uk-trade-investment-russia,uk-trade-investment,Organisation short url imported from router-data
/ukti/saudiarabia,/government/world/organisations/uk-trade-investment-saudi-arabia,uk-trade-investment,Organisation short url imported from router-data
/ukti/singapore,/government/world/organisations/uk-trade-investment-singapore,uk-trade-investment,Organisation short url imported from router-data
/ukti/southafrica,/government/world/organisations/uk-trade-investment-south-africa,uk-trade-investment,Organisation short url imported from router-data
/ukti/southkorea,/government/world/organisations/uk-trade-investment-south-korea,uk-trade-investment,Organisation short url imported from router-data
/ukti/taiwan,/government/world/organisations/uk-trade-investment-taiwan,uk-trade-investment,Organisation short url imported from router-data
/ukti/thailand,/government/world/organisations/uk-trade-investment-thailand,uk-trade-investment,Organisation short url imported from router-data
/ukti/turkey,/government/world/organisations/uk-trade-investment-turkey,uk-trade-investment,Organisation short url imported from router-data
/ukti/uae,/government/world/organisations/uk-trade-investment-united-arab-emirates,uk-trade-investment,Organisation short url imported from router-data
/ukti/usa,/government/world/organisations/uk-trade-investment-in-the-usa,uk-trade-investment,Organisation short url imported from router-data
/ukti/vietnam,/government/world/organisations/uk-trade-investment-vietnam,uk-trade-investment,Organisation short url imported from router-data
/406beacon,/maritime-safety-weather-and-navigation/register-406-mhz-beacons,unknown,Short url imported from router-data
/advancedlearningloans,/advanced-learning-loans,unknown,Short url imported from router-data
/animalsintotheuk,/bringing-food-animals-plants-into-uk,unknown,Short url imported from router-data
/annualtaxsummary,/annual-tax-summary,unknown,Short url imported from router-data
/ANNUALTAXSUMMARY,/annual-tax-summary,unknown,Short url imported from router-data
/appealchildbenefit,/social-security-child-support-tribunal,unknown,Short url imported from router-data
/apply-vehicle-tax-advance,/apply-for-tax-disc-in-advance,unknown,Short url imported from router-data
/autumnstatement2014,/government/topical-events/autumn-statement-2014,unknown,Short url imported from router-data
/bookdrivingtest,/book-driving-test,unknown,Short url imported from router-data
/booktheorytest,/book-theory-test,unknown,Short url imported from router-data
/budget2014,/government/topical-events/budget-2014,unknown,Short url imported from router-data
/businesstaxrecords,/self-employed-records,unknown,Short url imported from router-data
/canceldrivingtest,/cancel-driving-test,unknown,Short url imported from router-data
/canceltheorytest,/cancel-theory-test,unknown,Short url imported from router-data
/cancelvatregistration,/vat-registration/cancel-registration,unknown,Short url imported from router-data
/cap-reform,/government/collections/common-agricultural-policy-reform,unknown,Short url imported from router-data
/change-vehicle-tax,/exchange-tax-disc,unknown,Short url imported from router-data
/changedrivingtest,/change-driving-test,unknown,Short url imported from router-data
/changetheorytest,/change-theory-test,unknown,Short url imported from router-data
/changevehicletax,/exchange-tax-disc,unknown,Short url imported from router-data
/childbenefitchange,/report-changes-child-benefit,unknown,Short url imported from router-data
/childcare-business-grants,/government/policies/creating-a-fairer-and-more-equal-society/supporting-pages/funding-a-grant-scheme-for-new-childcare-businesses,unknown,Short url imported from router-data
/consumer-rights,/consumer-protection-rights,unknown,Short url imported from router-data
/courtclaims,/make-court-claim-for-money,unknown,Short url imported from router-data
/csachanges,/csa-changes,unknown,Short url imported from router-data
/CSAchanges,/csa-changes,unknown,Short url imported from router-data
/digitalstrategy,/government/publications/government-digital-strategy/government-digital-strategy,unknown,Short url imported from router-data
/drivercpc,/driver-certificate-of-professional-competence-cpc,unknown,Short url imported from router-data
/ebola,/government/topical-events/ebola-virus-government-response,unknown,Short url imported from router-data
/ehic,/european-health-insurance-card,unknown,Short url imported from router-data
/endsexualviolenceinconflict2014,/government/topical-events/sexual-violence-in-conflict,unknown,Short url imported from router-data
/EndSexualViolenceInConflict2014,/government/topical-events/sexual-violence-in-conflict,unknown,Short url imported from router-data
/ENDSEXUALVIOLENCEINCONFLICT2014,/government/topical-events/sexual-violence-in-conflict,unknown,Short url imported from router-data
/flood,/browse/environment-countryside/flooding-extreme-weather,unknown,Short url imported from router-data
/foreigntraveladvice,/foreign-travel-advice,unknown,Short url imported from router-data
/freechildcare,/free-early-education,unknown,Short url imported from router-data
/friendsofyemen2013,/government/topical-events/friends-of-yemen-2013,unknown,Short url imported from router-data
/g8,/government/topical-events/g8-2013,unknown,Short url imported from router-data
/girlsummit2014,/government/topical-events/girl-summit-2014,unknown,Short url imported from router-data
/green-deal,/green-deal-energy-saving-measures,unknown,Short url imported from router-data
/green-deal-cashback,/green-deal-energy-saving-measures,unknown,Short url imported from router-data
/greendeal,/green-deal-energy-saving-measures,unknown,Short url imported from router-data
/greendealCashback,/green-deal-energy-saving-measures,unknown,Short url imported from router-data
/greendealcashback,/green-deal-energy-saving-measures,unknown,Short url imported from router-data
/gulf-visa-waiver,/government/news/uk-electronic-visa-waiver-introduced-for-oman-qatar-and-uae,unknown,Short url imported from router-data
/gulfvisa,/government/news/uk-electronic-visa-waiver-introduced-for-oman-qatar-and-uae.ar,unknown,Short url imported from router-data
/hs2growthtaskforce,/government/groups/hs2-growth-taskforce,unknown,Short url imported from router-data
/importexportlicence,/export-and-import-licences-for-controlled-goods-and-trading-with-certain-countries,unknown,Short url imported from router-data
/internationalcommercialterms,/incoterms-international-commercial-terms,unknown,Short url imported from router-data
/jobs,/jobsearch,unknown,Short url imported from router-data
/jsa,/jobseekers-allowance,unknown,Short url imported from router-data
/jsaonline,/jobseekers-allowance/how-to-claim,unknown,Short url imported from router-data
/mid-sizedbusiness,/medium-sized-business,unknown,Short url imported from router-data
/minimumwage,/national-minimum-wage,unknown,Short url imported from router-data
/mutuals,/government/get-involved/take-part/start-a-public-service-mutual,unknown,Short url imported from router-data
/nato-wales,/government/topical-events/nato-summit-wales-cymru-2014,unknown,Short url imported from router-data
/nato2014,/government/topical-events/nato-summit-wales-cymru-2014,unknown,Short url imported from router-data
/natowales,/government/topical-events/nato-summit-wales-cymru-2014,unknown,Short url imported from router-data
/onlinetaxreturn,/how-to-send-self-assessment-online,unknown,Short url imported from router-data
/panel-for-nhs-governors,/government/groups/panel-for-advising-nhs-foundation-trust-governors,unknown,Short url imported from router-data
/paytaxbill,/pay-self-assessment-tax-bill,unknown,Short url imported from router-data
/performance/transactional-services,/performance/transactions-explorer/all-services/by-transactions-per-year/descending,unknown,Short url imported from router-data
/prisonvisits,/prison-visits,unknown,Short url imported from router-data
/problempayingtax,/difficulties-paying-hmrc,unknown,Short url imported from router-data
/propertyfraud,/protect-land-property-from-fraud,unknown,Short url imported from router-data
/queens-speech-2014,/government/topical-events/queens-speech-2014,unknown,Short url imported from router-data
/registerforataxreturn,/register-for-self-assessment,unknown,Short url imported from router-data
/registertovote,/register-to-vote,unknown,Short url imported from router-data
/renew-adi,/renew-approved-driving-instructor-adi-registration,unknown,Short url imported from router-data
/renewdrivinglicence,/renew-driving-licence,unknown,Short url imported from router-data
/renewehic,/european-health-insurance-card,unknown,Short url imported from router-data
/renewpassport,/apply-renew-passport,unknown,Short url imported from router-data
/renewtaxcredit,/renewtaxcredits,unknown,Short url imported from router-data
/RENEWTAXCREDITS,/renewtaxcredits,unknown,Short url imported from router-data
/rhi,/domestic-renewable-heat-incentive,unknown,Short url imported from router-data
/scotlandanalysis,/government/collections/scotland-analysis,unknown,Short url imported from router-data
/scottishreferendum,/government/topical-events/scottish-independence-referendum,unknown,Short url imported from router-data
/servicemanual,/service-manual,unknown,Short url imported from router-data
/somaliaconference2013,/government/topical-events/somalia-conference-2013,unknown,Short url imported from router-data
/SORN,/make-a-sorn,unknown,Short url imported from router-data
/sorn,/make-a-sorn,unknown,Short url imported from router-data
/spendinground2013,/government/topical-events/spending-round-2013,unknown,Short url imported from router-data
/studentfinance,/student-finance,unknown,Short url imported from router-data
/taxappeal,/tax-appeals/penalty,unknown,Short url imported from router-data
/taxreturn,/self-assessment-tax-returns,unknown,Short url imported from router-data
/taxreturnforms,/self-assessment-forms-and-helpsheets,unknown,Short url imported from router-data
/taxstatement,/understand-self-assessment-statement,unknown,Short url imported from router-data
/trailerconsent,/permission-to-supply-a-large-goods-trailer-for-use-on-the-road,unknown,Short url imported from router-data
/uc,/universal-credit,unknown,Short url imported from router-data
/uk-economy,/government/topics/uk-economy,unknown,Short url imported from router-data
/universalcredit,/universal-credit,unknown,Short url imported from router-data
/vehicle-recall,/check-if-a-vehicle-has-been-recalled,unknown,Short url imported from router-data
/vehicleapproval,/vehicle-approval,unknown,Short url imported from router-data
/vehicletax,/vehicle-tax,unknown,Short url imported from router-data
/vehicletaxadvance,/apply-for-tax-disc-in-advance,unknown,Short url imported from router-data
/verify,/government/publications/introducing-govuk-verify/introducing-govuk-verify,unknown,Short url imported from router-data
/vic-apply,/apply-for-a-vehicle-identity-check-vic,unknown,Short url imported from router-data
/vic-locations,/vehicle-identity-check-site,unknown,Short url imported from router-data
/visa-immigration,/browse/visas-immigration,unknown,Short url imported from router-data
/world/bat,/government/world/british-antarctic-territory,unknown,Short url imported from router-data
/world/bosnia-herzegovina,/government/world/bosnia-and-herzegovina,unknown,Short url imported from router-data
/world/cotedivoire,/government/world/cote-d-ivoire,unknown,Short url imported from router-data
/world/council-of-europe,/government/world/uk-delegation-to-council-of-europe,unknown,Short url imported from router-data
/world/drc,/government/world/democratic-republic-of-congo,unknown,Short url imported from router-data
/world/jerusalem,/government/world/the-occupied-palestinian-territories,unknown,Short url imported from router-data
/world/oecd,/government/world/the-uk-permanent-delegation-to-the-oecd-organisation-for-economic-co-operation-and-development,unknown,Short url imported from router-data
/world/osce,/government/world/uk-delegation-to-organization-for-security-and-co-operation-in-europe,unknown,Short url imported from router-data
/world/southafrica,/government/world/south-africa,unknown,Short url imported from router-data
/world/uk-eu,/government/world/uk-representation-to-the-eu,unknown,Short url imported from router-data
/world/uk-nato,/government/world/uk-joint-delegation-to-nato,unknown,Short url imported from router-data
/world/un-geneva,/government/world/uk-mission-to-the-un-geneva,unknown,Short url imported from router-data
/world/un-newyork,/government/world/uk-mission-to-the-united-nations-new-york,unknown,Short url imported from router-data
/world/un-vienna,/government/world/uk-mission-to-the-united-nations,unknown,Short url imported from router-data
/ww1centenary,/government/topical-events/first-world-war-centenary,unknown,Short url imported from router-data
/youdecide2014,/government/topical-events/scottish-independence-referendum,unknown,Short url imported from router-data
/yourvotematters.,/yourvotematters,unknown,Short url imported from router-data
